{
  "Use Non-ASCII Font" : false,
  "Tags" : [

  ],
  "Ansi 12 Color" : {
    "Green Component" : 0.87058824300765991,
    "Red Component" : 0.7137255072593689,
    "Blue Component" : 0.9843137264251709
  },
  "Ansi 2 Color" : {
    "Green Component" : 0.21568627655506134,
    "Red Component" : 0.7137255072593689,
    "Blue Component" : 0.49019607901573181
  },
  "Normal Font" : "SauceCodeProNerdFontCompleteM-Regular 18",
  "Bold Color" : {
    "Green Component" : 0.89919352531433105,
    "Red Component" : 0.89919352531433105,
    "Blue Component" : 0.89919352531433105
  },
  "Ansi 3 Color" : {
    "Green Component" : 0.92156863212585449,
    "Red Component" : 0.92549020051956177,
    "Blue Component" : 0.7450980544090271
  },
  "Ansi 4 Color" : {
    "Green Component" : 0.80392158031463623,
    "Red Component" : 0.66274511814117432,
    "Blue Component" : 0.92156863212585449
  },
  "Ansi 5 Color" : {
    "Green Component" : 0.31372550129890442,
    "Red Component" : 0.45882353186607361,
    "Blue Component" : 0.48235294222831726
  },
  "Rows" : 25,
  "Default Bookmark" : "No",
  "Cursor Guide Color" : {
    "Red Component" : 0.70213186740875244,
    "Color Space" : "sRGB",
    "Blue Component" : 1,
    "Alpha Component" : 0.25,
    "Green Component" : 0.9268307089805603
  },
  "Non-ASCII Anti Aliased" : true,
  "Use Bright Bold" : true,
  "Ansi 10 Color" : {
    "Green Component" : 0.9686274528503418,
    "Red Component" : 0.76470589637756348,
    "Blue Component" : 0.52549022436141968
  },
  "Ambiguous Double Width" : false,
  "Jobs to Ignore" : [
    "rlogin",
    "ssh",
    "slogin",
    "telnet"
  ],
  "Ansi 15 Color" : {
    "Green Component" : 0.88627451658248901,
    "Red Component" : 0.88627451658248901,
    "Blue Component" : 0.88627451658248901
  },
  "Foreground Color" : {
    "Green Component" : 0.67450982332229614,
    "Red Component" : 0.67450982332229614,
    "Blue Component" : 0.67058825492858887
  },
  "Working Directory" : "\/Users\/stelabrego",
  "Blinking Cursor" : false,
  "Disable Window Resizing" : true,
  "Sync Title" : false,
  "Prompt Before Closing 2" : false,
  "BM Growl" : true,
  "Command" : "\/usr\/local\/bin\/fish",
  "Description" : "Default",
  "Mouse Reporting" : false,
  "Screen" : -1,
  "Selection Color" : {
    "Green Component" : 0.30241936445236206,
    "Red Component" : 0.30241936445236206,
    "Blue Component" : 0.30241936445236206
  },
  "Columns" : 80,
  "Idle Code" : 0,
  "Ansi 13 Color" : {
    "Green Component" : 0.49803921580314636,
    "Red Component" : 0.67843139171600342,
    "Blue Component" : 0.65882354974746704
  },
  "Title Components" : 3,
  "Custom Command" : "Custom Shell",
  "ASCII Anti Aliased" : true,
  "tmux Pane Title" : "",
  "Non Ascii Font" : "Monaco 12",
  "Vertical Spacing" : 1,
  "Use Bold Font" : true,
  "Option Key Sends" : 0,
  "Selected Text Color" : {
    "Green Component" : 1,
    "Red Component" : 1,
    "Blue Component" : 1
  },
  "Background Color" : {
    "Green Component" : 0.10196078568696976,
    "Red Component" : 0.10196078568696976,
    "Blue Component" : 0.10196078568696976
  },
  "Character Encoding" : 4,
  "Ansi 11 Color" : {
    "Green Component" : 0.9843137264251709,
    "Red Component" : 0.98823529481887817,
    "Blue Component" : 0.80000001192092896
  },
  "Use Italic Font" : true,
  "Unlimited Scrollback" : false,
  "Keyboard Map" : {
    "0xf700-0x260000" : {
      "Text" : "[1;6A",
      "Action" : 10
    },
    "0x37-0x40000" : {
      "Text" : "0x1f",
      "Action" : 11
    },
    "0x32-0x40000" : {
      "Text" : "0x00",
      "Action" : 11
    },
    "0xf709-0x20000" : {
      "Text" : "[17;2~",
      "Action" : 10
    },
    "0xf70c-0x20000" : {
      "Text" : "[20;2~",
      "Action" : 10
    },
    "0xf729-0x20000" : {
      "Text" : "[1;2H",
      "Action" : 10
    },
    "0xf72b-0x40000" : {
      "Text" : "[1;5F",
      "Action" : 10
    },
    "0xf705-0x20000" : {
      "Text" : "[1;2Q",
      "Action" : 10
    },
    "0xf703-0x260000" : {
      "Text" : "[1;6C",
      "Action" : 10
    },
    "0xf700-0x220000" : {
      "Text" : "[1;2A",
      "Action" : 10
    },
    "0xf701-0x280000" : {
      "Text" : "0x1b 0x1b 0x5b 0x42",
      "Action" : 11
    },
    "0x38-0x40000" : {
      "Text" : "0x7f",
      "Action" : 11
    },
    "0x33-0x40000" : {
      "Text" : "0x1b",
      "Action" : 11
    },
    "0xf703-0x220000" : {
      "Text" : "[1;2C",
      "Action" : 10
    },
    "0xf701-0x240000" : {
      "Text" : "[1;5B",
      "Action" : 10
    },
    "0xf70d-0x20000" : {
      "Text" : "[21;2~",
      "Action" : 10
    },
    "0xf702-0x260000" : {
      "Text" : "[1;6D",
      "Action" : 10
    },
    "0xf729-0x40000" : {
      "Text" : "[1;5H",
      "Action" : 10
    },
    "0xf706-0x20000" : {
      "Text" : "[1;2R",
      "Action" : 10
    },
    "0x34-0x40000" : {
      "Text" : "0x1c",
      "Action" : 11
    },
    "0xf700-0x280000" : {
      "Text" : "0x1b 0x1b 0x5b 0x41",
      "Action" : 11
    },
    "0x2d-0x40000" : {
      "Text" : "0x1f",
      "Action" : 11
    },
    "0xf70e-0x20000" : {
      "Text" : "[23;2~",
      "Action" : 10
    },
    "0xf702-0x220000" : {
      "Text" : "[1;2D",
      "Action" : 10
    },
    "0xf703-0x280000" : {
      "Text" : "0x1b 0x1b 0x5b 0x43",
      "Action" : 11
    },
    "0xf700-0x240000" : {
      "Text" : "[1;5A",
      "Action" : 10
    },
    "0xf707-0x20000" : {
      "Text" : "[1;2S",
      "Action" : 10
    },
    "0xf70a-0x20000" : {
      "Text" : "[18;2~",
      "Action" : 10
    },
    "0x35-0x40000" : {
      "Text" : "0x1d",
      "Action" : 11
    },
    "0xf70f-0x20000" : {
      "Text" : "[24;2~",
      "Action" : 10
    },
    "0xf703-0x240000" : {
      "Text" : "[1;5C",
      "Action" : 10
    },
    "0xf701-0x260000" : {
      "Text" : "[1;6B",
      "Action" : 10
    },
    "0xf702-0x280000" : {
      "Text" : "0x1b 0x1b 0x5b 0x44",
      "Action" : 11
    },
    "0xf72b-0x20000" : {
      "Text" : "[1;2F",
      "Action" : 10
    },
    "0x36-0x40000" : {
      "Text" : "0x1e",
      "Action" : 11
    },
    "0xf708-0x20000" : {
      "Text" : "[15;2~",
      "Action" : 10
    },
    "0xf701-0x220000" : {
      "Text" : "[1;2B",
      "Action" : 10
    },
    "0xf70b-0x20000" : {
      "Text" : "[19;2~",
      "Action" : 10
    },
    "0xf702-0x240000" : {
      "Text" : "[1;5D",
      "Action" : 10
    },
    "0xf704-0x20000" : {
      "Text" : "[1;2P",
      "Action" : 10
    }
  },
  "Window Type" : 0,
  "Initial Text" : "",
  "Background Image Location" : "",
  "Blur" : false,
  "Badge Color" : {
    "Red Component" : 1,
    "Color Space" : "sRGB",
    "Blue Component" : 0,
    "Alpha Component" : 0.5,
    "Green Component" : 0.1491314172744751
  },
  "Scrollback Lines" : 1000,
  "Send Code When Idle" : false,
  "Close Sessions On End" : true,
  "Terminal Type" : "xterm-256color",
  "Visual Bell" : true,
  "Flashing Bell" : false,
  "Silence Bell" : false,
  "Ansi 14 Color" : {
    "Green Component" : 0.85098040103912354,
    "Red Component" : 0.84313726425170898,
    "Blue Component" : 0.98823529481887817
  },
  "Name" : "Stel",
  "Cursor Text Color" : {
    "Green Component" : 0,
    "Red Component" : 0,
    "Blue Component" : 0
  },
  "Shortcut" : "",
  "Cursor Color" : {
    "Green Component" : 0.98314392566680908,
    "Red Component" : 0.98658645153045654,
    "Blue Component" : 0.80166053771972656
  },
  "Ansi 0 Color" : {
    "Green Component" : 0.019607843831181526,
    "Red Component" : 0.019607843831181526,
    "Blue Component" : 0.019607843831181526
  },
  "Guid" : "98068087-3B13-44B2-A11C-F279F1D23852",
  "Transparency" : 0,
  "Ansi 1 Color" : {
    "Green Component" : 0.5372549295425415,
    "Red Component" : 0.91372549533843994,
    "Blue Component" : 0.48627451062202454
  },
  "Horizontal Spacing" : 1,
  "Link Color" : {
    "Red Component" : 0,
    "Color Space" : "sRGB",
    "Blue Component" : 0.73423302173614502,
    "Alpha Component" : 1,